-7.813782553068016057e-01,-1.163538525144745250e+01,2.327789962332430740e+00
-7.788036389869106291e-01,-1.193504905743445121e+01,2.314843685755231473e+00
-7.788635744621535961e-01,-1.223421354879886813e+01,2.300044056262616987e+00
-7.815459635247753445e-01,-1.253288194376881570e+01,2.283409347225588526e+00
-7.868387079670136064e-01,-1.283105746057242058e+01,2.264957832015153105e+00
-7.947297095811201029e-01,-1.312874331743779877e+01,2.244707784002306639e+00
-8.052068701593378952e-01,-1.342594273259307869e+01,2.222677476558049925e+00
-8.182580914939064920e-01,-1.372265892426637635e+01,2.198885183053391756e+00
-8.338712753770812780e-01,-1.401889511068581129e+01,2.173349176859325382e+00
-8.520343236010980981e-01,-1.431465451007950485e+01,2.146087731346854266e+00
-8.727351379582053426e-01,-1.460994034067557479e+01,2.117119119886981871e+00
-8.959616202406477381e-01,-1.490475582070214244e+01,2.086461615850708995e+00
-9.217016722406647933e-01,-1.519910416838733802e+01,2.054133492609039990e+00
-9.499431957505127810e-01,-1.549298860195927041e+01,2.020153023532970771e+00
-9.806740925624232164e-01,-1.578641233964605384e+01,1.984538481993505465e+00
-1.013882264468653149e+00,-1.607937859967582384e+01,1.947308141361644429e+00
-1.049555613261437870e+00,-1.637189060027669640e+01,1.908480275008391125e+00
-1.087682040733024325e+00,-1.666395155967679287e+01,1.868073156304747018e+00
-1.128249448675661348e+00,-1.695556469610422923e+01,1.826105058621710908e+00
-1.171245738881589116e+00,-1.724673322778712148e+01,1.782594255330285371e+00
-1.216658813143057571e+00,-1.753746037295360338e+01,1.737559019801472759e+00
-1.264476573252304670e+00,-1.782774934983178738e+01,1.691017625406274760e+00
-1.314686921001581021e+00,-1.811760337664980014e+01,1.642988345515691950e+00
-1.367277758183129244e+00,-1.840702567163574699e+01,1.593489453500726016e+00
-1.422236986589193508e+00,-1.869601945301775814e+01,1.542539222732378423e+00
-1.479552508012019096e+00,-1.898458793902396380e+01,1.490155926581649970e+00
-1.539212224243850402e+00,-1.927273434788246931e+01,1.436357838419544786e+00
-1.601204037076934261e+00,-1.956046189782140132e+01,1.381163231617058340e+00
-1.665515848303509960e+00,-1.984777380706887229e+01,1.324590379545200092e+00
-1.732135559715831219e+00,-2.013467329385302307e+01,1.266657555574965510e+00
-1.801051073106134881e+00,-2.042116357640194835e+01,1.207383033077358725e+00
-1.872250290266668227e+00,-2.070724787294379254e+01,1.146785085423379424e+00
-1.945721112989677204e+00,-2.099292940170665744e+01,1.084881985984032182e+00
-2.021451443067405318e+00,-2.127821138091867326e+01,1.021692008130314022e+00
-2.099429182292099405e+00,-2.156309702880795598e+01,9.572334252332306281e-01
-2.179642232456000528e+00,-2.184758956360262871e+01,8.915245106637794681e-01
-2.262078495351357521e+00,-2.213169220353081101e+01,8.245835377929647825e-01
-2.346725872770412558e+00,-2.241540816682062243e+01,7.564287799917871480e-01
-2.433572266505407811e+00,-2.269874067170018250e+01,6.870785106312515822e-01
-2.522605578348597444e+00,-2.298169293639761435e+01,6.165510030823510013e-01
-2.613813710092215192e+00,-2.326426817914104106e+01,5.448645307160948636e-01
-2.707184563528511667e+00,-2.354646961815857154e+01,4.720373669034813036e-01
-2.802706040449731262e+00,-2.382830047167833953e+01,3.980877850155125630e-01
-2.900366042648118370e+00,-2.410976395792846105e+01,3.230340584231894963e-01
-3.000152471915917385e+00,-2.439086329513705209e+01,2.468944604975127355e-01
-3.102053230045372700e+00,-2.467160170153223930e+01,1.696872646094882697e-01
-3.206056218828730486e+00,-2.495198239534214224e+01,9.143074413011059720e-02
-3.312149340058235580e+00,-2.523200859479486979e+01,1.214317243038666450e-02
-3.420320495526131488e+00,-2.551168351811856638e+01,-6.815717711868557460e-02
-3.530557587024664379e+00,-2.579101038354132669e+01,-1.494520311461018380e-01
-3.642848516346072874e+00,-2.606999240929128447e+01,-2.317231162808615075e-01
-3.757181185282612912e+00,-2.634863281359655929e+01,-3.149521591519647279e-01
-3.873543495626519562e+00,-2.662693481468526358e+01,-3.991208863884072588e-01
-3.991923349170044322e+00,-2.690490163078553820e+01,-4.842110246191919654e-01
-4.112308647705427589e+00,-2.718253648012548140e+01,-5.702043004733129417e-01
-4.234687293024915533e+00,-2.745984258093321984e+01,-6.570824405797710543e-01
-4.359047186920755657e+00,-2.773682315143688726e+01,-7.448271715675649496e-01
-4.485376231185184359e+00,-2.801348140986457835e+01,-8.334202200656893877e-01
-4.613662327610454916e+00,-2.828982057444443399e+01,-9.228433127031490102e-01
-4.743893377988810833e+00,-2.856584386340457371e+01,-1.013078176108939799e+00
-4.876057284112494727e+00,-2.884155449497310286e+01,-1.104106536912057956e+00
-5.010141947773750104e+00,-2.911695568737815876e+01,-1.195910121741504017e+00
-5.146135270764824909e+00,-2.939205065884785384e+01,-1.288470657226277183e+00
-5.284025154877963537e+00,-2.966684262761031476e+01,-1.381769869995375988e+00
-5.423799501905405940e+00,-2.994133481189364332e+01,-1.475789486677795415e+00
-5.565446213639405393e+00,-3.021553042992598392e+01,-1.570511233902539772e+00
-5.708953191872200073e+00,-3.048943269993544902e+01,-1.665916838298604041e+00
-5.854308338396036149e+00,-3.076304484015015106e+01,-1.761988026494985871e+00
-6.001499555003160680e+00,-3.103637006879822025e+01,-1.858706525120686903e+00
-6.150514743485817171e+00,-3.130941160410776547e+01,-1.956054060804704342e+00
-6.301341805636246463e+00,-3.158217266430690984e+01,-2.054012360176033614e+00
-6.453968643246700054e+00,-3.185465646762379777e+01,-2.152563149863679470e+00
-6.608383158109417899e+00,-3.212686623228651683e+01,-2.251688156496635784e+00
-6.764573252016652383e+00,-3.239880517652321146e+01,-2.351369106703905754e+00
-6.922526826760633689e+00,-3.267047651856197632e+01,-2.451587727114479254e+00
-7.082231784133618646e+00,-3.294188347663095584e+01,-2.552325744357362147e+00
-7.243676025927849871e+00,-3.321302926895825891e+01,-2.653564885061552303e+00
-7.406847453935569092e+00,-3.348391711377200863e+01,-2.755286875856046258e+00
-7.571733969949023368e+00,-3.375455022930032811e+01,-2.857473443369842325e+00
-7.738323475760457981e+00,-3.402493183377133334e+01,-2.960106314231940150e+00
-7.906603873162115548e+00,-3.429506514541314743e+01,-3.063167215071338934e+00
-8.076563063946244014e+00,-3.456495338245389348e+01,-3.166637872517038765e+00
-8.248188949905081557e+00,-3.483459976312167328e+01,-3.270500013198030409e+00
-8.421469432830884116e+00,-3.510400750564463834e+01,-3.374735363743322836e+00
-8.596392414515882763e+00,-3.537317982825088336e+01,-3.479325650781905921e+00
-8.772945796752333436e+00,-3.564211994916854565e+01,-3.584252600942784195e+00
-8.951117481332481418e+00,-3.591083108662574119e+01,-3.689497940854956415e+00
-9.130895370048559556e+00,-3.617931645885057890e+01,-3.795043397147413788e+00
-9.312267364692823790e+00,-3.644757928407118897e+01,-3.900870696449161734e+00
-9.495221367057514072e+00,-3.671562278051570161e+01,-4.006961565389198121e+00
-9.679745278934873909e+00,-3.698345016641219729e+01,-4.113297730596515045e+00
-9.865827002117155686e+00,-3.725106465998886307e+01,-4.219860918700122809e+00
-1.005345443839659758e+01,-3.751846947947375810e+01,-4.326632856329008625e+00
-1.024261548956544310e+01,-3.778566784309504101e+01,-4.433595270112177467e+00
-1.043329805741593752e+01,-3.805266296908079937e+01,-4.540729886678623650e+00
-1.062549004374033323e+01,-3.831945807565917761e+01,-4.648018432657352150e+00
-1.081917935033086309e+01,-3.858605638105829172e+01,-4.755442634677353730e+00
-1.101435387897978835e+01,-3.885246110350627191e+01,-4.862984219367634253e+00
-1.121100153147933298e+01,-3.911867546123120576e+01,-4.970624913357185370e+00
-1.140911020962176181e+01,-3.938470267246126610e+01,-5.078346443275012945e+00
-1.160866781519930058e+01,-3.965054595542451921e+01,-5.186130535750106851e+00
-1.180966225000421232e+01,-3.991620852834911659e+01,-5.293958917411473841e+00
-1.201208141582873345e+01,-4.018169360946317425e+01,-5.401813314888110895e+00
-1.221591321446510392e+01,-4.044700441699480109e+01,-5.509675454809009665e+00
-1.242114554770557611e+01,-4.071214416917213441e+01,-5.617527063803176901e+00
-1.262776631734238997e+01,-4.097711608422326890e+01,-5.725349868499606920e+00
-1.283576342516779079e+01,-4.124192338037635608e+01,-5.833125595527296703e+00
-1.304512477297402739e+01,-4.150656927585951195e+01,-5.940835971515253000e+00
-1.325583826255334330e+01,-4.177105698890082408e+01,-6.048462723092464799e+00
-1.346789179569797490e+01,-4.203538973772845111e+01,-6.155987576887933521e+00
-1.368127327420017814e+01,-4.229957074057050193e+01,-6.263392259530659700e+00
-1.389597059985219829e+01,-4.256360321565508542e+01,-6.370658497649642982e+00
-1.411197167444627354e+01,-4.282749038121033891e+01,-6.477768017873881234e+00
-1.432926439977464561e+01,-4.309123545546435707e+01,-6.584702546832366110e+00
-1.454783667762956689e+01,-4.335484165664529144e+01,-6.691443811154106136e+00
-1.476767640980327911e+01,-4.361831220298124379e+01,-6.797973537468092076e+00
-1.498877149808802400e+01,-4.388165031270033722e+01,-6.904273452403327127e+00
-1.521110984427605750e+01,-4.414485920403070196e+01,-7.010325282588810936e+00
-1.543467935015961423e+01,-4.440794209520043978e+01,-7.116110754653537818e+00
-1.565946791753093770e+01,-4.467090220443769510e+01,-7.221611595226507418e+00
-1.588546344818228206e+01,-4.493374274997055551e+01,-7.326809530936717607e+00
-1.611265384390588551e+01,-4.519646695002718673e+01,-7.431686288413172470e+00
-1.634102700649398798e+01,-4.545907802283566923e+01,-7.536223594284864546e+00
-1.657057083773884543e+01,-4.572157918662412612e+01,-7.640403175180792594e+00
-1.680127323943269602e+01,-4.598397365962070182e+01,-7.744206757729956259e+00
-1.703312211336778148e+01,-4.624626466005351233e+01,-7.847616068561357849e+00
-1.726610536133635065e+01,-4.650845540615065943e+01,-7.950612834303987242e+00
-1.750021088513065592e+01,-4.677054911614027333e+01,-8.053178781586852963e+00
-1.773542658654293547e+01,-4.703254900825048423e+01,-8.155295637038950218e+00
-1.797174036736542746e+01,-4.729445830070939394e+01,-8.256945127289274211e+00
-1.820914012939038784e+01,-4.755628021174514686e+01,-8.358108978966827252e+00
-1.844761377441004413e+01,-4.781801795958581636e+01,-8.458768918700600992e+00
-1.868714920421666648e+01,-4.807967476245959659e+01,-8.558906673119604847e+00
-1.892773432060247885e+01,-4.834125383859453962e+01,-8.658503968852828692e+00
-1.916935702535973007e+01,-4.860275840621878984e+01,-8.757542532529273061e+00
-1.941200522028067965e+01,-4.886419168356049170e+01,-8.856004090777942039e+00
-1.965566680715755155e+01,-4.912555688884773275e+01,-8.953870370227825504e+00
-1.990032968778260170e+01,-4.938685724030865032e+01,-9.051123097507927540e+00
-2.014598176394807894e+01,-4.964809595617136750e+01,-9.147743999247246904e+00
-2.039261093744621434e+01,-4.990927625466397899e+01,-9.243714802074778802e+00
-2.064020511006926739e+01,-5.017040135401463630e+01,-9.339017232619527320e+00
-2.088875218360947628e+01,-5.043147447245144122e+01,-9.433633017510480556e+00
-2.113824005985907917e+01,-5.069249882820251685e+01,-9.527543883376647926e+00
-2.138865664061033556e+01,-5.095347763949601472e+01,-9.620731556847026411e+00
-2.163998982765546941e+01,-5.121441412455997977e+01,-9.713177764550605886e+00
-2.189222752278674733e+01,-5.147531150162260616e+01,-9.804864233116393990e+00
-2.214535762779640038e+01,-5.173617298891198857e+01,-9.895772689173385928e+00
-2.239936804447667740e+01,-5.199700180465625010e+01,-9.985884859350578679e+00
-2.265424667461982722e+01,-5.225780116708350675e+01,-1.007518247027697456e+01
-2.290998142001808446e+01,-5.251857429442186742e+01,-1.016364724858156876e+01
-2.316656018246371218e+01,-5.277932440489948362e+01,-1.025126092089336183e+01
-2.342397086374893789e+01,-5.304005471674445005e+01,-1.033800521384135607e+01
-2.368220136566600331e+01,-5.330076844818488269e+01,-1.042386185405453958e+01
-2.394123959000716440e+01,-5.356146881744892596e+01,-1.050881256816191822e+01
-2.420107343856467708e+01,-5.382215904276468876e+01,-1.059283908279249253e+01
-2.446169081313075111e+01,-5.408284234236027288e+01,-1.067592312457525061e+01
-2.472307961549767086e+01,-5.434352193446383694e+01,-1.075804642013920720e+01
-2.498522774745765673e+01,-5.460420103730348984e+01,-1.083919069611335040e+01
-2.524812311080295046e+01,-5.486488286910731205e+01,-1.091933767912667363e+01
-2.551175360732581154e+01,-5.512557064810347640e+01,-1.099846909580818810e+01
-2.577610713881848170e+01,-5.538626759252007048e+01,-1.107656667278688190e+01
-2.604117160707320622e+01,-5.564697692058523870e+01,-1.115361213669176266e+01
-2.630693491388221972e+01,-5.590770185052707575e+01,-1.122958721415182026e+01
-2.657338496103777459e+01,-5.616844560057372604e+01,-1.130447363179606057e+01
-2.684050965033211611e+01,-5.642921138895329136e+01,-1.137825311625347524e+01
-2.710829688355748956e+01,-5.669000243389391613e+01,-1.145090739415307191e+01
-2.737673456250613668e+01,-5.695082195362368793e+01,-1.152241819212383866e+01
-2.764581058897030985e+01,-5.721167316637075828e+01,-1.159276723679477961e+01
-2.791551286474224014e+01,-5.747255929036322897e+01,-1.166193625479489526e+01
-2.818582929161417638e+01,-5.773348354382920888e+01,-1.172990697275317551e+01
-2.845674777137837452e+01,-5.799444914499686377e+01,-1.179666111729863331e+01
-2.872825620582706918e+01,-5.825545931209426698e+01,-1.186218041506025500e+01
-2.900034249675250919e+01,-5.851651726334955583e+01,-1.192644659266704110e+01
-2.927299454594692918e+01,-5.877762621699083923e+01,-1.198944137674799038e+01
-2.954620025520259219e+01,-5.903878939124626868e+01,-1.205114649393210868e+01
-2.981994752631173640e+01,-5.930001000434396019e+01,-1.211154367084838768e+01
-3.009422426106659287e+01,-5.956129127451198713e+01,-1.217061463412582256e+01
-3.036901836125942111e+01,-5.982263641997852233e+01,-1.222834111039342098e+01
-3.064431773079368071e+01,-6.008404859581226987e+01,-1.228470487393808952e+01
-3.092011067329246288e+01,-6.034551899905078187e+01,-1.233969672216817770e+01
-3.119638636177570490e+01,-6.060701281781287264e+01,-1.239332707793267119e+01
-3.147313408349891617e+01,-6.086849182274248449e+01,-1.244560894279030805e+01
-3.175034312571754214e+01,-6.112991778448349578e+01,-1.249655531829981037e+01
-3.202800277568705667e+01,-6.139125247367984173e+01,-1.254617920601990377e+01
-3.230610232066292298e+01,-6.165245766097534386e+01,-1.259449360750930857e+01
-3.258463104790061493e+01,-6.191349511701398711e+01,-1.264151152432676284e+01
-3.286357824465562061e+01,-6.217432661243964986e+01,-1.268724595803098509e+01
-3.314293319818339256e+01,-6.243491391789622469e+01,-1.273170991018070630e+01
-3.342268519573939756e+01,-6.269521880402762548e+01,-1.277491638233464322e+01
-3.370282352457913788e+01,-6.295520304147774482e+01,-1.281687837605153391e+01
-3.398333747195802346e+01,-6.321482840089046817e+01,-1.285760889289009512e+01
-3.426421632513158499e+01,-6.347405665290972365e+01,-1.289712093440906138e+01
-3.454544937135527505e+01,-6.373284956817943936e+01,-1.293542750216715476e+01
-3.482702589788454617e+01,-6.399116891734346524e+01,-1.297254159772310445e+01
-3.510893519197487933e+01,-6.424897647104570808e+01,-1.300847622263562897e+01
-3.539116654088174130e+01,-6.450623399993008888e+01,-1.304324437846345930e+01
-3.567370923186062015e+01,-6.476290327464053576e+01,-1.307685906676532639e+01
-3.595655255216697554e+01,-6.501894606582089864e+01,-1.310933328909995055e+01
-3.623968578905628135e+01,-6.527432414411514117e+01,-1.314068004702606096e+01
-3.652309822978399012e+01,-6.552899928016709907e+01,-1.317091234210238149e+01
-3.680677916160557572e+01,-6.578293324462067915e+01,-1.320004317588763598e+01
-3.709071787177653334e+01,-6.603608780811984502e+01,-1.322808554994056252e+01
-3.737490364755231553e+01,-6.628842474130847506e+01,-1.325505246581987251e+01
-3.765932577618840327e+01,-6.653990581483043343e+01,-1.328095692508430226e+01
-3.794397354494024199e+01,-6.679049279932964112e+01,-1.330581192929257206e+01
-3.822883624106333400e+01,-6.704014746545003334e+01,-1.332963048000341288e+01
-3.851390315181312474e+01,-6.728883158383547425e+01,-1.335242557877554859e+01
-3.879916356444509518e+01,-6.753650692512988485e+01,-1.337421022716770835e+01
-3.908460676621472629e+01,-6.778313525997715772e+01,-1.339499742673861071e+01
-3.937022204437746353e+01,-6.802867835902119964e+01,-1.341480017904699196e+01
-3.965599868618879498e+01,-6.827309799290588899e+01,-1.343363148565157061e+01
-3.994192597890418028e+01,-6.851635593227518939e+01,-1.345150434811107409e+01
-4.022799320977910753e+01,-6.875841394777295079e+01,-1.346843176798423336e+01
-4.051418966606905059e+01,-6.899923381004309419e+01,-1.348442674682977227e+01
-4.080050463502944069e+01,-6.923877728972951218e+01,-1.349950228620641468e+01
-4.108692740391578724e+01,-6.947700615747612574e+01,-1.351367138767288978e+01
-4.137344725998353567e+01,-6.971388218392681324e+01,-1.352694705278792142e+01
-4.166005349048815987e+01,-6.994936713972545306e+01,-1.353934228311024057e+01
-4.194673538268516211e+01,-7.018342279551603724e+01,-1.355087008019856576e+01
-4.223348222382997363e+01,-7.041601092194238731e+01,-1.356154344561162972e+01
-4.252028330117808963e+01,-7.064709328964845270e+01,-1.357137538090815809e+01
-4.280712790198495554e+01,-7.087663166927806913e+01,-1.358037888764686940e+01
-4.309400531350605945e+01,-7.110458783147522865e+01,-1.358856696738650349e+01
-4.338090482299688944e+01,-7.133092354688379544e+01,-1.359595262168578067e+01
-4.366781571771287673e+01,-7.155560058614763363e+01,-1.360254885210342302e+01
-4.395472728490950942e+01,-7.177858071991069266e+01,-1.360836866019815794e+01
-4.424162881184227558e+01,-7.199982571881686511e+01,-1.361342504752871463e+01
-4.452850958576661355e+01,-7.221929735351002932e+01,-1.361773101565381694e+01
-4.481535889393801142e+01,-7.243695739463412053e+01,-1.362129956613219406e+01
-4.510216602361194305e+01,-7.265276761283303131e+01,-1.362414370052256984e+01
-4.538892026204386809e+01,-7.286668977875066844e+01,-1.362627642038367348e+01
-4.567561089648926753e+01,-7.307868566303089608e+01,-1.362771072727422705e+01
-4.596222721420359392e+01,-7.328871703631767787e+01,-1.362845962275295797e+01
-4.624875850244234954e+01,-7.349674566925486374e+01,-1.362853610837859364e+01
-4.653519404846097274e+01,-7.370273333248637471e+01,-1.362795318570986147e+01
-4.682152313951495870e+01,-7.390664179665611755e+01,-1.362672385630548533e+01
-4.710773506285975998e+01,-7.410843283240799906e+01,-1.362486112172419439e+01
-4.739381910575085044e+01,-7.430806821038592602e+01,-1.362237798352471074e+01
-4.767976455544370396e+01,-7.450550970123377681e+01,-1.361928744326576535e+01
-4.796556069919380150e+01,-7.470071907559547242e+01,-1.361560250250608206e+01
-4.825119682425658141e+01,-7.489365810411489122e+01,-1.361133616280438119e+01
-4.853666221788755308e+01,-7.508428855743596841e+01,-1.360650142571940258e+01
-4.882194616734214065e+01,-7.527257220620258238e+01,-1.360111129280985764e+01
-4.910703795987586773e+01,-7.545847082105865411e+01,-1.359517876563448624e+01
-4.939192688274416554e+01,-7.564194617264806197e+01,-1.358871684575200334e+01
-4.967660222320253638e+01,-7.582296003161474118e+01,-1.358173853472114523e+01
-4.996105326850641859e+01,-7.600147416860257010e+01,-1.357425683410063044e+01
-5.024526930591130736e+01,-7.617745035425546973e+01,-1.356628474544918994e+01
-5.052923962267266234e+01,-7.635085035921731844e+01,-1.355783527032554581e+01
-5.081295350604594319e+01,-7.652163595413202302e+01,-1.354892141028842723e+01
-5.109640024328663799e+01,-7.668976890964350446e+01,-1.353955616689655805e+01
-5.137956912165020640e+01,-7.685521099639565534e+01,-1.352975254170867103e+01
-5.166244942839211518e+01,-7.701792398503235404e+01,-1.351952353628348291e+01
-5.194503045076785241e+01,-7.717786964619752155e+01,-1.350888215217972288e+01
-5.222730147603287776e+01,-7.733500975053509308e+01,-1.349784139095612723e+01
-5.250925179144265798e+01,-7.748930606868891857e+01,-1.348641425417140205e+01
-5.279087068425265272e+01,-7.764072037130291903e+01,-1.347461374338429252e+01
-5.307214744171837850e+01,-7.778921442902101546e+01,-1.346245286015352072e+01
-5.335307135109527366e+01,-7.793475001248710043e+01,-1.344994460603780695e+01
-5.363363169963879074e+01,-7.807728889234505232e+01,-1.343710198259588040e+01
-5.391381777460443914e+01,-7.821679283923882053e+01,-1.342393799138647026e+01
-5.419361886324766431e+01,-7.835322362381226924e+01,-1.341046563396829860e+01
-5.447302425282391880e+01,-7.848654301670927680e+01,-1.339669791190009107e+01
-5.475202323058873333e+01,-7.861671278857382106e+01,-1.338264782674058040e+01
-5.503060508379749649e+01,-7.874369471004973775e+01,-1.336832838004848512e+01
-5.530875909970576743e+01,-7.886745055178097630e+01,-1.335375257338253441e+01
-5.558647456556893474e+01,-7.898794208441140086e+01,-1.333893340830145569e+01
-5.586374076864252913e+01,-7.910513107858493242e+01,-1.332388388636397814e+01
-5.614054699618200317e+01,-7.921897930494547779e+01,-1.330861700912882384e+01
-5.641688253544279519e+01,-7.932944853413691533e+01,-1.329314577815471310e+01
-5.669273667368042879e+01,-7.943650053680318024e+01,-1.327748319500038399e+01
-5.696809869815033522e+01,-7.954009708358816511e+01,-1.326164226122455858e+01
-5.724295789610800256e+01,-7.964019994513574829e+01,-1.324563597838596252e+01
-5.751730355480890466e+01,-7.973677089208987923e+01,-1.322947734804331965e+01
-5.779112496150847988e+01,-7.982977169509439364e+01,-1.321317937175535917e+01
-5.806441140346225183e+01,-7.991916412479325516e+01,-1.319675505108080316e+01
-5.833715216792563751e+01,-8.000490995183034215e+01,-1.318021738757838435e+01
-5.860933654215416055e+01,-8.008697094684954720e+01,-1.316357938280682482e+01
-5.888095381340324508e+01,-8.016530888049479131e+01,-1.314685403832485555e+01
-5.915199326892837206e+01,-8.023988552340996705e+01,-1.313005435569119683e+01
-5.942244419598503669e+01,-8.031066264623899542e+01,-1.311319333646457608e+01
-5.969229588182865598e+01,-8.037760201962571216e+01,-1.309628398220372070e+01
-5.996153761371478197e+01,-8.044066541421410932e+01,-1.307933929446735632e+01
-6.023015867889880326e+01,-8.049981460064802263e+01,-1.306237227481421215e+01
-6.049814836463625767e+01,-8.055501134957142995e+01,-1.304539592480301557e+01
-6.076549595818256222e+01,-8.060621743162813857e+01,-1.302842324599248336e+01
-6.103219074679319789e+01,-8.065339461746209793e+01,-1.301146723994135002e+01
-6.129822201772368118e+01,-8.069650467771722901e+01,-1.299454090820833940e+01
-6.156357905822942200e+01,-8.073550938303736757e+01,-1.297765725235217538e+01
-6.182825115556591555e+01,-8.077037050406653407e+01,-1.296082927393159423e+01
-6.209222759698864991e+01,-8.080104981144850740e+01,-1.294406997450530916e+01
-6.235549766975306341e+01,-8.082750907582726541e+01,-1.292739235563205646e+01
-6.261805066111465123e+01,-8.084971006784667225e+01,-1.291080941887055289e+01
-6.287987585832887305e+01,-8.086761455815066313e+01,-1.289433416577953295e+01
-6.314096254865118141e+01,-8.088118431738308800e+01,-1.287797959791771873e+01
-6.340130001933710702e+01,-8.089038111618793891e+01,-1.286175871684384120e+01
-6.366087755764203848e+01,-8.089516672520900897e+01,-1.284568452411661887e+01
-6.391968445082151362e+01,-8.089550291509027602e+01,-1.282977002129478272e+01
-6.417770998613096367e+01,-8.089135145647563263e+01,-1.281402820993706015e+01
-6.443494345082586960e+01,-8.088267412000895717e+01,-1.279847209160217858e+01
-6.469137413216171240e+01,-8.086943267633414223e+01,-1.278311466784885475e+01
-6.494699131739395170e+01,-8.085158889609513722e+01,-1.276796894023582674e+01
-6.520178429377804719e+01,-8.082910454993580629e+01,-1.275304791032181306e+01
-6.545574234856950113e+01,-8.080194140850008466e+01,-1.273836457966554647e+01
-6.570885476902377320e+01,-8.077006124243186491e+01,-1.272393194982574904e+01
-6.596111084239628042e+01,-8.073342582237498277e+01,-1.270976302236114108e+01
-6.621250075856235640e+01,-8.069200758065387902e+01,-1.269586857440825334e+01
-6.646301883785156406e+01,-8.064582773822591832e+01,-1.268224920398410305e+01
-6.671266058139387667e+01,-8.059492146357804643e+01,-1.266890259913346206e+01
-6.696142149041237701e+01,-8.053932392629683079e+01,-1.265582644767165554e+01
-6.720929706613014787e+01,-8.047907029596895256e+01,-1.264301843741401576e+01
-6.745628280977018676e+01,-8.041419574218099342e+01,-1.263047625617586256e+01
-6.770237422255563331e+01,-8.034473543451954924e+01,-1.261819759177252287e+01
-6.794756680570954188e+01,-8.027072454257130119e+01,-1.260618013201932719e+01
-6.819185606045498105e+01,-8.019219823592283092e+01,-1.259442156473160246e+01
-6.843523748801496254e+01,-8.010919168416070590e+01,-1.258291957772467207e+01
-6.867770658961261177e+01,-8.002174005687163572e+01,-1.257167185881385940e+01
-6.891925886647098309e+01,-7.992987852364218782e+01,-1.256067609581449851e+01
-6.915988981981313088e+01,-7.983364225405895809e+01,-1.254992997654190923e+01
-6.939959495086213792e+01,-7.973306641770862768e+01,-1.253943118881142560e+01
-6.963836976084104435e+01,-7.962818618417777827e+01,-1.252917742043836924e+01
-6.987620975097294718e+01,-7.951903672305301995e+01,-1.251916635923806354e+01
-7.011311042248090075e+01,-7.940565320392100546e+01,-1.250939569302584076e+01
-7.034906727658798786e+01,-7.928807079636830224e+01,-1.249986310961702785e+01
-7.058407581451724866e+01,-7.916632466998156303e+01,-1.249056629682694464e+01
-7.081813153749176593e+01,-7.904044999434742635e+01,-1.248150294247092695e+01
-7.105122994673459402e+01,-7.891048193905244545e+01,-1.247267073436429463e+01
-7.128336654346881573e+01,-7.877645567368327306e+01,-1.246406736032237283e+01
-7.151453682891749963e+01,-7.863840636782659033e+01,-1.245569050816049561e+01
-7.174473630430370008e+01,-7.849636919106890787e+01,-1.244753786569398457e+01
-7.197396047085047144e+01,-7.835037931299689262e+01,-1.243960712073816666e+01
-7.220220482978091070e+01,-7.820047190319715469e+01,-1.243189596110836703e+01
-7.242946488231808644e+01,-7.804668213125631837e+01,-1.242440207461991619e+01
-7.265573612968502459e+01,-7.788904516676102219e+01,-1.241712314908813752e+01
-7.288101407310485058e+01,-7.772759617929784781e+01,-1.241005687232835797e+01
-7.310529421380056192e+01,-7.756237033845341955e+01,-1.240320093215590447e+01
-7.332857205299526981e+01,-7.739340281381440434e+01,-1.239655301638610574e+01
-7.355084309191205705e+01,-7.722072877496734122e+01,-1.239011081283428162e+01
-7.377210283177394956e+01,-7.704438339149888293e+01,-1.238387200931576615e+01
-7.399234677380404435e+01,-7.686440183299566797e+01,-1.237783429364588272e+01
-7.421157041922539577e+01,-7.668081926904429224e+01,-1.237199535363995828e+01
-7.442976926926105818e+01,-7.649367086923139425e+01,-1.236635287711331976e+01
-7.464693882513412859e+01,-7.630299180314358409e+01,-1.236090455188129411e+01
-7.486307458806766135e+01,-7.610881724036745766e+01,-1.235564806575920649e+01
-7.507817205928468240e+01,-7.591118235048963925e+01,-1.235058110656238028e+01
-7.529222674000833138e+01,-7.571012230309678159e+01,-1.234570136210615132e+01
-7.550523413146162000e+01,-7.550567226777543794e+01,-1.234100652020583411e+01
-7.571718973486764526e+01,-7.529786741411228945e+01,-1.233649426867676446e+01
-7.592808905144947573e+01,-7.508674291169396042e+01,-1.233216229533426933e+01
-7.613792758243015157e+01,-7.487233393010698990e+01,-1.232800828799366677e+01
-7.634670082903276978e+01,-7.465467563893808745e+01,-1.232402993447029438e+01
-7.655440429248035628e+01,-7.443380320777376369e+01,-1.232022492257946666e+01
-7.676103347399600807e+01,-7.420975180620077083e+01,-1.231659094013652123e+01
-7.696658387480279373e+01,-7.398255660380564791e+01,-1.231312567495677790e+01
-7.717105099612378183e+01,-7.375225277017499081e+01,-1.230982681485556363e+01
-7.737443033918201252e+01,-7.351887547489546648e+01,-1.230669204764820712e+01
-7.757671740520061121e+01,-7.328245988755367080e+01,-1.230371906115003711e+01
-7.777790769540257543e+01,-7.304304117773624228e+01,-1.230090554317637519e+01
-7.797799671101100216e+01,-7.280065451502976259e+01,-1.229824918154254831e+01
-7.817697995324897420e+01,-7.255533506902087026e+01,-1.229574766406388520e+01
-7.837485292333953169e+01,-7.230711800929620381e+01,-1.229339867855571455e+01
-7.857161112250574320e+01,-7.205603850544234490e+01,-1.229119991283335622e+01
-7.876725005197069152e+01,-7.180213172704593205e+01,-1.228914905471214425e+01
-7.896176521295743100e+01,-7.154543284369357536e+01,-1.228724379200739847e+01
-7.915515210668905866e+01,-7.128597702497189914e+01,-1.228548181253444938e+01
-7.934740623438860041e+01,-7.102379944046751348e+01,-1.228386080410862391e+01
-7.953852309727915326e+01,-7.075893525976704268e+01,-1.228237845454524724e+01
-7.972849819658377157e+01,-7.049141965245713948e+01,-1.228103245165964807e+01
-7.991732703352552392e+01,-7.022128778812435712e+01,-1.227982048326714803e+01
-8.010500510932747886e+01,-6.994857483635534834e+01,-1.227874023718307939e+01
-8.029152792521266235e+01,-6.967331596673670902e+01,-1.227778940122276019e+01
-8.047689098240421401e+01,-6.939554634885509188e+01,-1.227696566320153160e+01
-8.066108978212515979e+01,-6.911530115229710702e+01,-1.227626671093470634e+01
-8.084411982559856824e+01,-6.883261554664930770e+01,-1.227569023223761668e+01
-8.102597661404750795e+01,-6.854752470149843191e+01,-1.227523391492558602e+01
-8.120665564869507591e+01,-6.826006378643099026e+01,-1.227489544681394662e+01
-8.138615243076426964e+01,-6.797026797103366391e+01,-1.227467251571802187e+01
-8.156446246147822876e+01,-6.767817242489304874e+01,-1.227456280945313338e+01
-8.174158124205999343e+01,-6.738381231759575485e+01,-1.227456401583461698e+01
-8.191750427373258958e+01,-6.708722281872839233e+01,-1.227467382267779428e+01
-8.209222705771914264e+01,-6.678843909787762811e+01,-1.227488991779799044e+01
-8.226574509524272116e+01,-6.648749632463004389e+01,-1.227520998901053595e+01
-8.243805388752632268e+01,-6.618442966857224974e+01,-1.227563172413075421e+01
-8.260914893579310103e+01,-6.587927429929088419e+01,-1.227615281097397038e+01
-8.277902574126606794e+01,-6.557206538637254312e+01,-1.227677093735551672e+01
-8.294767980516832040e+01,-6.526283809940387926e+01,-1.227748379109071841e+01
-8.311510662872289856e+01,-6.495162760797147428e+01,-1.227828905999489528e+01
-8.328130171315287100e+01,-6.463846908166196670e+01,-1.227918443188338138e+01
-8.344626055968134892e+01,-6.432339769006196661e+01,-1.228016759457149831e+01
-8.360997866953131563e+01,-6.400644860275809833e+01,-1.228123623587457658e+01
-8.377245154392592497e+01,-6.368765698933699326e+01,-1.228238804360794134e+01
-8.393367468408821708e+01,-6.336705801938523308e+01,-1.228362070558691777e+01
-8.409364359124120369e+01,-6.304468686248946341e+01,-1.228493190962683279e+01
-8.425235376660803865e+01,-6.272057868823628723e+01,-1.228631934354301869e+01
-8.440980071141174790e+01,-6.239476866621233597e+01,-1.228778069515079174e+01
-8.456597992687535736e+01,-6.206729196600421972e+01,-1.228931365226548422e+01
-8.472088691422200668e+01,-6.173818375719855567e+01,-1.229091590270242307e+01
-8.487451717467469336e+01,-6.140747920938194682e+01,-1.229258513427692812e+01
-8.502686620945658547e+01,-6.107521349214105300e+01,-1.229431903480434052e+01
-8.517792951979063787e+01,-6.074142177506246298e+01,-1.229611529209997656e+01
-8.532770260689996178e+01,-6.040613922773280109e+01,-1.229797159397916140e+01
-8.547618097200765419e+01,-6.006940101973867030e+01,-1.229988562825722553e+01
-8.562336011633672683e+01,-5.973124232066671624e+01,-1.230185508274949058e+01
-8.576923554111031933e+01,-5.939169830010354190e+01,-1.230387764527129235e+01
-8.591380274755141500e+01,-5.905080412763576447e+01,-1.230595100363794714e+01
-8.605705723688316766e+01,-5.870859497285000828e+01,-1.230807284566479254e+01
-8.619899451032853221e+01,-5.836510600533287629e+01,-1.231024085916714306e+01
-8.633961006911067670e+01,-5.802037239467102125e+01,-1.231245273196033629e+01
-8.647889941445264128e+01,-5.767442931045100352e+01,-1.231470615185969031e+01
-8.661685804757745188e+01,-5.732731192225949002e+01,-1.231699880668053204e+01
-8.675348146970826235e+01,-5.697905539968308375e+01,-1.231932838423819376e+01
-8.688876518206804178e+01,-5.662969491230841612e+01,-1.232169257234800064e+01
-8.702270468587991559e+01,-5.627926562972207591e+01,-1.232408905882527606e+01
-8.715529548236692392e+01,-5.592780272151069454e+01,-1.232651553148534695e+01
-8.728653307275213535e+01,-5.557534135726090341e+01,-1.232896967814354383e+01
-8.741641295825866109e+01,-5.522191670655929130e+01,-1.233144918661518830e+01
-8.754493064010951286e+01,-5.486756393899251805e+01,-1.233395174471561084e+01
-8.767208161952775924e+01,-5.451231822414716532e+01,-1.233647504026013308e+01
-8.779786139773652565e+01,-5.415621473160986454e+01,-1.233901676106408729e+01
-8.792226547595879538e+01,-5.379928863096724001e+01,-1.234157459494279685e+01
-8.804528935541772228e+01,-5.344157509180588050e+01,-1.234414622971158870e+01
-8.816692853733627544e+01,-5.308310928371243875e+01,-1.234672935318578624e+01
-8.828717852293763713e+01,-5.272392637627353906e+01,-1.234932165318072528e+01
-8.840603481344480485e+01,-5.236406153907576311e+01,-1.235192081751172566e+01
-8.852349291008084720e+01,-5.200354994170575651e+01,-1.235452453399411432e+01
-8.863954831406883272e+01,-5.164242675375010805e+01,-1.235713049044321643e+01
-8.875419652663183001e+01,-5.128072714479546335e+01,-1.235973637467436070e+01
-8.886743304899290763e+01,-5.091848628442845381e+01,-1.236233987450287231e+01
-8.897925338237516257e+01,-5.055573934223565402e+01,-1.236493867774408351e+01
-8.908965302800157815e+01,-5.019252148780369538e+01,-1.236753047221330704e+01
-8.919862748709533662e+01,-4.982886789071920219e+01,-1.237011294572588760e+01
-8.930617226087942129e+01,-4.946481372056882719e+01,-1.237268378609713970e+01
-8.941228285057694336e+01,-4.910039414693913074e+01,-1.237524068114239384e+01
-8.951695475741092878e+01,-4.873564433941675134e+01,-1.237778131867697340e+01
-8.962018348260447453e+01,-4.837059946758833462e+01,-1.238030338651620710e+01
-8.972196452738063499e+01,-4.800529470104045515e+01,-1.238280457247542365e+01
-8.982229339296247872e+01,-4.763976520935976566e+01,-1.238528256436994646e+01
-8.992116558057308850e+01,-4.727404616213284783e+01,-1.238773505001510244e+01
-9.001857659143550450e+01,-4.690817272894636858e+01,-1.239015971722621856e+01
-9.011452192677282369e+01,-4.654218007938691670e+01,-1.239255425381862175e+01
-9.020899708780810045e+01,-4.617610338304109519e+01,-1.239491634760764072e+01
-9.030199757576437491e+01,-4.580997780949555676e+01,-1.239724368640859886e+01
-9.039351889186474409e+01,-4.544383852833687598e+01,-1.239953395803682135e+01
-9.048355653733227655e+01,-4.507772070915172691e+01,-1.240178485030763866e+01
-9.057210601339001244e+01,-4.471165952152668410e+01,-1.240399405103637420e+01
-9.065916282126104875e+01,-4.434569013504836477e+01,-1.240615924803835313e+01
-9.074472246216843985e+01,-4.397984771930342873e+01,-1.240827812912890948e+01
-9.082878043733528273e+01,-4.361416744387845057e+01,-1.241034838212336666e+01
-9.091133224798456069e+01,-4.324868447836007590e+01,-1.241236769483704450e+01
-9.099237339533942759e+01,-4.288343399233490771e+01,-1.241433375508527881e+01
-9.107189938062292356e+01,-4.251845115538955611e+01,-1.241624425068339121e+01
-9.114990570505810297e+01,-4.215377113711065249e+01,-1.241809686944670688e+01
-9.122638786986804860e+01,-4.178942910708482827e+01,-1.241988929919055806e+01
-9.130134137627578639e+01,-4.142546023489867224e+01,-1.242161922773026284e+01
-9.137476172550444176e+01,-4.106189969013883001e+01,-1.242328434288115524e+01
-9.144664441877705485e+01,-4.069878264239188326e+01,-1.242488233245855866e+01
-9.151698495731666583e+01,-4.033614426124448471e+01,-1.242641088427780183e+01
-9.158577884428632387e+01,-3.997401970957528761e+01,-1.242786768671087039e+01
-9.165302413027168882e+01,-3.961243534161997815e+01,-1.242925115911482159e+01
-9.171872642667925390e+01,-3.925139136731952050e+01,-1.243056189043053372e+01
-9.178289274115792296e+01,-3.889088316859788108e+01,-1.243180087025179326e+01
-9.184553008135650032e+01,-3.853090612737906184e+01,-1.243296908817237245e+01
-9.190664545492381876e+01,-3.817145562558698657e+01,-1.243406753378605067e+01
-9.196624586950875369e+01,-3.781252704514567853e+01,-1.243509719668660729e+01
-9.202433833276012365e+01,-3.745411576797906150e+01,-1.243605906646782699e+01
-9.208092985232680405e+01,-3.709621717601111612e+01,-1.243695413272348738e+01
-9.213602743585762767e+01,-3.673882665116583013e+01,-1.243778338504736425e+01
-9.218963809100141304e+01,-3.638193957536713441e+01,-1.243854781303324231e+01
-9.224176882540702138e+01,-3.602555133053902381e+01,-1.243924840627489559e+01
-9.229242664672328544e+01,-3.566965729860545053e+01,-1.243988615436610701e+01
-9.234161856259908063e+01,-3.531425286149038811e+01,-1.244046204690065238e+01
-9.238935158068323972e+01,-3.495933340111783139e+01,-1.244097707347231818e+01
-9.243563270862460968e+01,-3.460489429941170414e+01,-1.244143222367488022e+01
-9.248046895407200907e+01,-3.425093093829600832e+01,-1.244182848710211431e+01
-9.252386732467429908e+01,-3.389743869969467482e+01,-1.244216685334780337e+01
-9.256583482808034091e+01,-3.354441296553171981e+01,-1.244244831200572854e+01
-9.260637847193898153e+01,-3.319184911773108837e+01,-1.244267385266966919e+01
-9.264550526389899687e+01,-3.283974253821672562e+01,-1.244284446493340113e+01
-9.268322221160933339e+01,-3.248808860891264061e+01,-1.244296113839070550e+01
-9.271953632271875279e+01,-3.213688271174277133e+01,-1.244302486263536345e+01
-9.275445460487613047e+01,-3.178612022863109488e+01,-1.244303662726114901e+01
-9.278798406573032764e+01,-3.143579654150160252e+01,-1.244299742186185220e+01
-9.282013171293019127e+01,-3.108590703227821805e+01,-1.244290823603124529e+01
-9.285090455412452570e+01,-3.073644708288495053e+01,-1.244277005936310765e+01
-9.288030959696219213e+01,-3.038741207524573085e+01,-1.244258388145122041e+01
-9.290835384909203754e+01,-3.003879739128455384e+01,-1.244235069188935938e+01
-9.293504431816290889e+01,-2.969059841292538593e+01,-1.244207148027130927e+01
-9.296038801182368161e+01,-2.934281052209217577e+01,-1.244174723619084766e+01
-9.298439193772313160e+01,-2.899542910070892177e+01,-1.244137894924175569e+01
-9.300706310351016270e+01,-2.864844953069955480e+01,-1.244096760901780918e+01
-9.302840851683360768e+01,-2.830186719398808393e+01,-1.244051420511278927e+01
-9.304843518534229929e+01,-2.795567747249845425e+01,-1.244001972712047710e+01
-9.306715011668505610e+01,-2.760987574815462153e+01,-1.243948516463465204e+01
-9.308456031851078194e+01,-2.726445740288058062e+01,-1.243891150724908989e+01
-9.310067279846829535e+01,-2.691941781860027305e+01,-1.243829974455757537e+01
-9.311549456420642912e+01,-2.657475237723770434e+01,-1.243765086615388249e+01
-9.312903262337401600e+01,-2.623045646071679471e+01,-1.243696586163179596e+01
-9.314129398361991719e+01,-2.588652545096155677e+01,-1.243624572058509337e+01
-9.315228565259302229e+01,-2.554295472989593918e+01,-1.243549143260755230e+01
-9.316201463794207882e+01,-2.519973967944389415e+01,-1.243470398729295390e+01
-9.317048794731603323e+01,-2.485687568152940585e+01,-1.243388437423507753e+01
-9.317771258836367565e+01,-2.451435811807646203e+01,-1.243303358302770434e+01
-9.318369556873385307e+01,-2.417218237100900424e+01,-1.243215260326460836e+01
-9.318844389607541245e+01,-2.383034382225100600e+01,-1.243124242453957606e+01
-9.319196457803718658e+01,-2.348883785372644795e+01,-1.243030403644638326e+01
-9.319426462226805086e+01,-2.314765984735923610e+01,-1.242933842857880755e+01
-9.319535103641680962e+01,-2.280680518507343280e+01,-1.242834659053063362e+01
-9.319523082813235249e+01,-2.246626924879296183e+01,-1.242732951189563551e+01
-9.319391100506348380e+01,-2.212604742044178963e+01,-1.242628818226759968e+01
-9.319139857485906475e+01,-2.178613508194388615e+01,-1.242522359124029663e+01
-9.318770054516797074e+01,-2.144652761522318940e+01,-1.242413672840751460e+01
-9.318282392363902034e+01,-2.110722040220373330e+01,-1.242302858336302940e+01
-9.317677571792103208e+01,-2.076820882480945230e+01,-1.242190014570061862e+01
-9.316956293566288139e+01,-2.042948826496430570e+01,-1.242075240501406164e+01
-9.316119258451340102e+01,-2.009105410459227414e+01,-1.241958635089714313e+01
-9.315167167212145216e+01,-1.975290172561727786e+01,-1.241840297294363893e+01
-9.314100720613585338e+01,-1.941502650996336854e+01,-1.241720326074732661e+01
-9.312920619420546586e+01,-1.907742383955447707e+01,-1.241598820390198732e+01
-9.311627564397912238e+01,-1.874008909631455921e+01,-1.241475879200140220e+01
-9.310222256310568412e+01,-1.840301766216759205e+01,-1.241351601463934884e+01
-9.308705395923399806e+01,-1.806620491903751002e+01,-1.241226086140961193e+01
-9.307077684001286855e+01,-1.772964624884835061e+01,-1.241099432190596019e+01
-9.305339821309118520e+01,-1.739333703352404115e+01,-1.240971738572218364e+01
-9.303492508611778078e+01,-1.705727265498855871e+01,-1.240843104245205630e+01
-9.301536446674150227e+01,-1.672144849516586618e+01,-1.240713628168936111e+01
-9.299472336261118244e+01,-1.638585993597989443e+01,-1.240583409302787565e+01
-9.297300878137565405e+01,-1.605050235935468805e+01,-1.240452546606137574e+01
-9.295022773068382094e+01,-1.571537114721417794e+01,-1.240321139038364961e+01
-9.292638721818443059e+01,-1.538046168148232340e+01,-1.240189285558846599e+01
-9.290149425152641527e+01,-1.504576934408310684e+01,-1.240057085126961312e+01
-9.287555583835857931e+01,-1.471128951694045206e+01,-1.239924636702086680e+01
-9.284857898632976969e+01,-1.437701758197839652e+01,-1.239792039243600463e+01
-9.282057070308887603e+01,-1.404294892112087645e+01,-1.239659391710881309e+01
-9.279153799628464583e+01,-1.370907891629186182e+01,-1.239526793063306442e+01
-9.276148787356601133e+01,-1.337540294941531727e+01,-1.239394342260254334e+01
-9.273042734258179109e+01,-1.304191640241517902e+01,-1.239262138261102564e+01
-9.269836341098083210e+01,-1.270861465721548278e+01,-1.239130280025229247e+01
-9.266530308641193869e+01,-1.237549309574016121e+01,-1.238998866512012320e+01
-9.263125337652400049e+01,-1.204254709991318428e+01,-1.238867996680829719e+01
-9.259622128896583604e+01,-1.170977205165851665e+01,-1.238737769491059026e+01
-9.256021383138633496e+01,-1.137716333290009629e+01,-1.238608283902078888e+01
-9.252323801143430160e+01,-1.104471632556195715e+01,-1.238479638873266886e+01
-9.248530083675858293e+01,-1.071242641156803721e+01,-1.238351933364001134e+01
-9.244640931500802594e+01,-1.038028897284229757e+01,-1.238225266333659036e+01
-9.240657045383149182e+01,-1.004829939130871352e+01,-1.238099736741619417e+01
-9.236579126087779912e+01,-9.716453048891208866e+00,-1.237975443547259680e+01
-9.232407874379580903e+01,-9.384745327513829949e+00,-1.237852485709957584e+01
-9.228143991023435433e+01,-9.053171609100511219e+00,-1.237730962189091422e+01
-9.223788176784232462e+01,-8.721727275575217320e+00,-1.237610971944039484e+01
-9.219341132426851004e+01,-8.390407708861875591e+00,-1.237492613934178998e+01
-9.214803558716175758e+01,-8.059208290884530612e+00,-1.237375987118888254e+01
-9.210176156417095683e+01,-7.728124403567122158e+00,-1.237261190457545368e+01
-9.205459626294491216e+01,-7.397151428833602438e+00,-1.237148322909528098e+01
-9.200654669113247053e+01,-7.066284748607951194e+00,-1.237037483434214202e+01
-9.195761985638246472e+01,-6.735519744814094878e+00,-1.236928770990981974e+01
-9.190782276634378434e+01,-6.404851799376078958e+00,-1.236822284539208994e+01
-9.185716242866526215e+01,-6.074276294217829886e+00,-1.236718123038273554e+01
-9.180564585099573094e+01,-5.743788611263320298e+00,-1.236616385447553945e+01
-9.175328004098398083e+01,-5.413384132436513951e+00,-1.236517170726426862e+01
-9.170007200627894406e+01,-5.083058239661345290e+00,-1.236420577834271661e+01
-9.164602875452943920e+01,-4.752806314861853565e+00,-1.236326705730465569e+01
-9.159115729338429901e+01,-4.422623739961973222e+00,-1.236235653374386523e+01
-9.153546463049235626e+01,-4.092505896885668903e+00,-1.236147519725412458e+01
-9.147895777350248636e+01,-3.762448167556912360e+00,-1.236062403742922022e+01
-9.142164373006349365e+01,-3.432445933899633594e+00,-1.235980404386292086e+01
-9.136352950782428195e+01,-3.102494577837870970e+00,-1.235901620614901653e+01
-9.130462211443364140e+01,-2.772589481295559821e+00,-1.235826151388127592e+01
-9.124492855754043319e+01,-2.442726026196664790e+00,-1.235754095665348551e+01
-9.118445584479351851e+01,-2.112899594465161179e+00,-1.235685552405942644e+01
-9.112321098384170170e+01,-1.783105568024969223e+00,-1.235620620569287276e+01
-9.106120098233388660e+01,-1.453339328800138830e+00,-1.235559399114760915e+01
-9.099843284791886333e+01,-1.123596258714600893e+00,-1.235501987001740787e+01
-9.093491358824550730e+01,-7.938717396923200553e-01,-1.235448483189605717e+01
-9.087065021096265127e+01,-4.641611536572636254e-01,-1.235398986637732932e+01
-9.080564972371914223e+01,-1.344598825333704895e-01,-1.235353596305500901e+01
-9.073991913416382715e+01,1.952366917553263193e-01,-1.235312411152287382e+01
-9.067346544994552460e+01,5.249331872848923553e-01,-1.235275530137469957e+01
-9.060629567871312418e+01,8.546342221313603105e-01,-1.235243052220427096e+01
-9.053841682811545866e+01,1.184344414370758436e+00,-1.235215076360536912e+01
-9.046983590580134660e+01,1.514068382079157615e+00,-1.235191701517176632e+01
-9.040055991941964919e+01,1.843810743332519486e+00,-1.235173026649724903e+01
-9.033059587661921341e+01,2.173576116206908715e+00,-1.235159150717558951e+01
-9.025995078504888625e+01,2.503369118778359770e+00,-1.235150172680057423e+01
-9.018863165235750046e+01,2.833194369122901790e+00,-1.235146191496598078e+01
-9.011664548619388881e+01,3.163056485316604771e+00,-1.235147306126558320e+01
-9.004399929420694093e+01,3.492960085435427686e+00,-1.235153615529316795e+01
-8.997070008404547536e+01,3.822909787555438754e+00,-1.235165218664251441e+01
-8.989675486335833909e+01,4.152910209752669779e+00,-1.235182214490739838e+01
-8.982217063979435068e+01,4.482965970103152564e+00,-1.235204701968159924e+01
-8.974695429240257738e+01,4.813081526380820208e+00,-1.235232780168429301e+01
-8.967110325440994245e+01,5.143249561962028871e+00,-1.235266556429606055e+01
-8.959459922587220149e+01,5.473443148525023005e+00,-1.235306151858017820e+01
-8.951742241723401605e+01,5.803633500919338495e+00,-1.235351688863568498e+01
-8.943955303893996245e+01,6.133791833994515663e+00,-1.235403289856159326e+01
-8.936097130143473066e+01,6.463889362600136579e+00,-1.235461077245694383e+01
-8.928165741516293963e+01,6.793897301585657189e+00,-1.235525173442075442e+01
-8.920159159056922249e+01,7.123786865800664003e+00,-1.235595700855205870e+01
-8.912075403809819818e+01,7.453529270094695569e+00,-1.235672781894987970e+01
-8.903912496819452826e+01,7.783095729317288658e+00,-1.235756538971325114e+01
-8.895668459130281747e+01,8.112457458318020898e+00,-1.235847094494118892e+01
-8.887341311786772735e+01,8.441585671946359781e+00,-1.235944570873273385e+01
-8.878929075833390527e+01,8.770451585051883825e+00,-1.236049090518690541e+01
-8.870429772314595596e+01,9.099026412484130688e+00,-1.236160775840273374e+01
-8.861841422274851254e+01,9.427281369092639807e+00,-1.236279749247924187e+01
-8.853162046758625081e+01,9.755187669726987920e+00,-1.236406133151546705e+01
-8.844389666810377548e+01,1.008271652923664341e+01,-1.236540049961042698e+01
-8.835522303474571970e+01,1.040983916247118657e+01,-1.236681622086315180e+01
-8.826557977795673082e+01,1.073652678428015328e+01,-1.236830971937266987e+01
-8.817494710818142778e+01,1.106275060951311495e+01,-1.236988221923801134e+01
-8.808330523586447214e+01,1.138848185301954707e+01,-1.237153494455819747e+01
-8.799063437145046862e+01,1.171369172964902461e+01,-1.237326911943226015e+01
-8.789691472538410721e+01,1.203835145425108877e+01,-1.237508596795922777e+01
-8.780212650810996422e+01,1.236243224167526655e+01,-1.237698671423812335e+01
-8.770624993007271542e+01,1.268590530677115602e+01,-1.237897258236797882e+01
-8.760926520171693710e+01,1.300874186438820601e+01,-1.238104479644781719e+01
-8.751115253348730505e+01,1.333091312937600037e+01,-1.238320458057666684e+01
-8.741189213582852346e+01,1.365239031658408386e+01,-1.238545315885356146e+01
-8.731146421918511180e+01,1.397314464086199415e+01,-1.238779175537752053e+01
-8.720984899400174584e+01,1.429314731705930441e+01,-1.239022159424757596e+01
-8.710702667072310135e+01,1.461236956002547771e+01,-1.239274389956275257e+01
-8.700297745979375463e+01,1.493078258461009966e+01,-1.239535989542207872e+01
-8.689768157165836726e+01,1.524835760566270260e+01,-1.239807080592458099e+01
-8.679111921676162922e+01,1.556506583803284016e+01,-1.240087785516929486e+01
-8.668327060554804575e+01,1.588087849657006601e+01,-1.240378226725523092e+01
-8.657411594846234948e+01,1.619576679612386627e+01,-1.240678526628142997e+01
-8.646363545594920197e+01,1.650970195154381415e+01,-1.240988807634692037e+01
-8.635180933845315110e+01,1.682265517767944729e+01,-1.241309192155072161e+01
-8.623861780641888686e+01,1.713459768938030336e+01,-1.241639802599186382e+01
-8.612404107029098554e+01,1.744550070149595555e+01,-1.241980761376937359e+01
-8.600805934051420820e+01,1.775533542887588823e+01,-1.242332190898228639e+01
-8.589065282753307429e+01,1.806407308636966036e+01,-1.242694213572962170e+01
-8.577180174179224537e+01,1.837168488882682027e+01,-1.243066951811040433e+01
-8.565148629373639722e+01,1.867814205109690562e+01,-1.243450528022366974e+01
-8.552968669381012035e+01,1.898341578802949314e+01,-1.243845064616844098e+01
-8.540638315245806211e+01,1.928747731447404590e+01,-1.244250684004374286e+01
-8.528155588012486987e+01,1.959029784528015483e+01,-1.244667508594861260e+01
-8.515518508725517677e+01,1.989184859529734339e+01,-1.245095660798206794e+01
-8.502725098429361594e+01,2.019210077937515635e+01,-1.245535263024313721e+01
-8.489773378168477791e+01,2.049102561236317044e+01,-1.245986437683085057e+01
-8.476661368987336687e+01,2.078859430911085582e+01,-1.246449307184423461e+01
-8.463387091930400175e+01,2.108477808446778923e+01,-1.246923993938232123e+01
-8.449948568042131569e+01,2.137954815328351543e+01,-1.247410620354413169e+01
-8.436343818366991343e+01,2.167287573040756499e+01,-1.247909308842869436e+01
-8.422570863949447073e+01,2.196473203068951108e+01,-1.248420181813504115e+01
-8.408627725833957811e+01,2.225508826897882386e+01,-1.248943361676219332e+01
-8.394512425064992556e+01,2.254391566012510140e+01,-1.249478970840917924e+01
-8.380222982687013200e+01,2.283118541897784937e+01,-1.250027131717503259e+01
-8.365757419744481638e+01,2.311686876038663385e+01,-1.250587966715877641e+01
-8.351113757281859762e+01,2.340093689920101028e+01,-1.251161598245943551e+01
-8.336290016343613729e+01,2.368336105027047012e+01,-1.251748148717604181e+01
-8.321284217974208275e+01,2.396411242844456879e+01,-1.252347740540761833e+01
-8.306094383218105293e+01,2.424316224857285818e+01,-1.252960496125319523e+01
-8.290718533119770939e+01,2.452048172550487948e+01,-1.253586537881180440e+01
-8.275154688723661423e+01,2.479604207409019878e+01,-1.254225988218246712e+01
-8.259400871074250006e+01,2.506981450917828980e+01,-1.254878969546421175e+01
-8.243455101215992897e+01,2.534177024561872926e+01,-1.255545604275606486e+01
-8.227315400193357675e+01,2.561188049826105839e+01,-1.256226014815705838e+01
-8.210979789050806232e+01,2.588011648195481840e+01,-1.256920323576621357e+01
-8.194446288832800462e+01,2.614644941154956470e+01,-1.257628652968256411e+01
-8.177712920583807943e+01,2.641085050189479944e+01,-1.258351125400513126e+01
-8.160777705348289146e+01,2.667329096784007803e+01,-1.259087863283295050e+01
-8.143638664170707386e+01,2.693374202423494168e+01,-1.259838989026503597e+01
-8.126293818095530241e+01,2.719217488592894583e+01,-1.260604625040043203e+01
-8.108741188167216762e+01,2.744856076777163523e+01,-1.261384893733815460e+01
-8.090978795430231685e+01,2.770287088461250846e+01,-1.262179917517723382e+01
-8.073004660929038323e+01,2.795507645130112451e+01,-1.262989818801669450e+01
-8.054816805708105676e+01,2.820514868268703523e+01,-1.263814719995557212e+01
-8.036413250811888531e+01,2.845305879361977119e+01,-1.264654743509288792e+01
-8.017792017284857309e+01,2.869877799894891623e+01,-1.265510011752767383e+01
-7.998951126171466797e+01,2.894227751352391920e+01,-1.266380647135894399e+01
-7.979888598516190257e+01,2.918352855219438524e+01,-1.267266772068573921e+01
-7.960602455363491003e+01,2.942250232980984492e+01,-1.268168508960708962e+01
-7.941090717757826667e+01,2.965917006121982524e+01,-1.269085980222201293e+01
-7.921351406743659140e+01,2.989350296127389228e+01,-1.270019308262953572e+01
-7.901382543365461686e+01,3.012547224482156949e+01,-1.270968615492870057e+01
-7.881182148667689091e+01,3.035504912671236610e+01,-1.271934024321851275e+01
-7.860748243694811777e+01,3.058220482179587307e+01,-1.272915657159801661e+01
-7.840078849491284529e+01,3.080691054492162451e+01,-1.273913636416623518e+01
-7.819171987101577770e+01,3.102913751093912254e+01,-1.274928084502219150e+01
-7.798025677570154812e+01,3.124885693469792614e+01,-1.275959123826491748e+01
-7.776637941941477550e+01,3.146604003104758362e+01,-1.277006876799343971e+01
-7.755006801260010718e+01,3.168065801483763622e+01,-1.278071465830678832e+01
-7.733130276570209105e+01,3.189268210091762867e+01,-1.279153013330398103e+01
-7.711006388916551657e+01,3.210208350413707734e+01,-1.280251641708405685e+01
-7.688633159343491741e+01,3.230883343934553409e+01,-1.281367473374603705e+01
-7.666008608895496934e+01,3.251290312139254013e+01,-1.282500630738895175e+01
-7.643130826838404346e+01,3.271426419105151950e+01,-1.283651216011174334e+01
-7.620000034372961295e+01,3.291290159932299986e+01,-1.284818700146065318e+01
-7.596618953985935718e+01,3.310881591339006036e+01,-1.286001813479903433e+01
-7.572990450847339616e+01,3.330200859124464330e+01,-1.287199244101231699e+01
-7.549117390127176463e+01,3.349248109087864123e+01,-1.288409680098590648e+01
-7.525002636995456839e+01,3.368023487028397511e+01,-1.289631809560522235e+01
-7.500649056622185640e+01,3.386527138745258014e+01,-1.290864320575568058e+01
-7.476059514177374865e+01,3.404759210037629913e+01,-1.292105901232269183e+01
-7.451236874831032253e+01,3.422719846704710278e+01,-1.293355239619167207e+01
-7.426184003753169804e+01,3.440409194545688365e+01,-1.294611023824804796e+01
-7.400903766113786730e+01,3.457827399359754139e+01,-1.295871941937722305e+01
-7.375399027082897874e+01,3.474974606946102540e+01,-1.297136682046461864e+01
-7.349672651830509551e+01,3.491850963103918559e+01,-1.298403932239564185e+01
-7.323727505526632342e+01,3.508456613632396426e+01,-1.299672380605571753e+01
-7.297566453341275405e+01,3.524791704330727526e+01,-1.300940715233025990e+01
-7.271192360444440794e+01,3.540856380998102537e+01,-1.302207624210467962e+01
-7.244608092006140510e+01,3.556650789433714976e+01,-1.303471795626439622e+01
-7.217816513196386552e+01,3.572175075436751257e+01,-1.304731917569482569e+01
-7.190820489185182396e+01,3.587429384806404187e+01,-1.305986678128137868e+01
-7.163622885142537200e+01,3.602413863341864442e+01,-1.307234765390947473e+01
-7.136226566238461544e+01,3.617128656842324830e+01,-1.308474867446452805e+01
-7.108634397642958902e+01,3.631573911106976027e+01,-1.309705672383195285e+01
-7.080849244526044117e+01,3.645749771935008710e+01,-1.310925868289717044e+01
-7.052873972057722085e+01,3.659656385125611422e+01,-1.312134143254558794e+01
-7.024711445408000543e+01,3.673293896477977682e+01,-1.313329185366262131e+01
-6.996364529746891492e+01,3.686662451791300299e+01,-1.314509682713369543e+01
-6.967836090244396985e+01,3.699762196864768526e+01,-1.315674323384422451e+01
-6.939128992070529023e+01,3.712593277497571620e+01,-1.316821795467960854e+01
-6.910246100395299607e+01,3.725155839488902387e+01,-1.317950787052527595e+01
-6.881190280388710789e+01,3.737450028637950794e+01,-1.319059986226664272e+01
-6.851964397220775993e+01,3.749475990743911069e+01,-1.320148081078912483e+01
-6.822571316061495850e+01,3.761233871605971757e+01,-1.321213759697812584e+01
-6.793013902080886623e+01,3.772723817023322113e+01,-1.322255710171907239e+01
-6.763295020448954631e+01,3.783945972795156365e+01,-1.323272620589738047e+01
-6.733417536335707609e+01,3.794900484720663059e+01,-1.324263179039846072e+01
-6.703384314911154718e+01,3.805587498599035712e+01,-1.325226073610773092e+01
-6.673198221345299430e+01,3.816007160229466422e+01,-1.326159992391060882e+01
-6.642862120808156590e+01,3.826159615411140891e+01,-1.327063623469250153e+01
-6.612378878469731092e+01,3.836045009943254058e+01,-1.327935654933883036e+01
-6.581751359500036358e+01,3.845663489624995890e+01,-1.328774774873501130e+01
-6.550982429069073021e+01,3.855015200255558483e+01,-1.329579671376646388e+01
-6.520074952346850239e+01,3.864100287634133224e+01,-1.330349032531859343e+01
-6.489031794503382855e+01,3.872918897559909368e+01,-1.331081546427681950e+01
-6.457855820708675765e+01,3.881471175832078302e+01,-1.331775901152656338e+01
-6.426549896132738127e+01,3.889757268249831412e+01,-1.332430784795323042e+01
-6.395116885945574126e+01,3.897777320612358665e+01,-1.333044885444224725e+01
-6.363559655317195762e+01,3.905531478718855709e+01,-1.333616891187902098e+01
-6.331881069417612196e+01,3.913019888368507537e+01,-1.334145490114896937e+01
-6.300083993416830452e+01,3.920242695360507668e+01,-1.334629370313750485e+01
-6.268171292484858981e+01,3.927200045494047487e+01,-1.335067219873005051e+01
-6.236145831791702676e+01,3.933892084568319092e+01,-1.335457726881201523e+01
-6.204010476507376382e+01,3.940318958382511738e+01,-1.335799579426882033e+01
-6.171768091801884282e+01,3.946480812735816102e+01,-1.336091465598587114e+01
-6.139421542845236957e+01,3.952377793427424990e+01,-1.336332073484859428e+01
-6.106973694807442143e+01,3.958010046256527659e+01,-1.336520091174240044e+01
-6.074427412858501185e+01,3.963377717022317626e+01,-1.336654206755270202e+01
-6.041785562168435320e+01,3.968480951523983435e+01,-1.336733108316492036e+01
-6.009051007907245179e+01,3.973319895560716475e+01,-1.336755483946446788e+01
-5.976226615244940632e+01,3.977894694931708841e+01,-1.336720021733675701e+01
-5.943315249351529417e+01,3.982205495436152631e+01,-1.336625409766721262e+01
-5.910319775397015718e+01,3.986252442873235680e+01,-1.336470336134123826e+01
-5.877243058551417931e+01,3.990035683042152215e+01,-1.336253488924425881e+01
-5.844087963984737399e+01,3.993555361742090781e+01,-1.335973556226168668e+01
-5.810857356866983991e+01,3.996811624772244187e+01,-1.335629226127893610e+01
-5.777554102368166866e+01,3.999804617931801687e+01,-1.335219186718142304e+01
-5.744181065658288787e+01,4.002534487019956089e+01,-1.334742126085455993e+01
-5.710741111907367440e+01,4.005001377835898069e+01,-1.334196732318376988e+01
-5.677237106285404877e+01,4.007205436178818303e+01,-1.333581693505446175e+01
-5.643671913962411679e+01,4.009146807847907468e+01,-1.332895697735205331e+01
-5.610048400108396294e+01,4.010825638642357660e+01,-1.332137433096195878e+01
-5.576369429893360774e+01,4.012242074361359556e+01,-1.331305587676959767e+01
-5.542637868487323516e+01,4.013396260804103832e+01,-1.330398849566038066e+01
-5.508856581060289415e+01,4.014288343769780454e+01,-1.329415906851972373e+01
-5.475028432782265497e+01,4.014918469057582939e+01,-1.328355447623304464e+01
-5.441156288823260212e+01,4.015286782466700544e+01,-1.327216159968575937e+01
-5.407243014353279165e+01,4.015393429796326075e+01,-1.325996731976328213e+01
-5.373291474542336488e+01,4.015238556845648787e+01,-1.324695851735102892e+01
-5.339304534560437077e+01,4.014822309413858648e+01,-1.323312207333441215e+01
-5.305285059577590800e+01,4.014144833300150594e+01,-1.321844486859884782e+01
-5.271235914763803976e+01,4.013206274303711751e+01,-1.320291378402975546e+01
-5.237159965289085051e+01,4.012006778223737058e+01,-1.318651570051255284e+01
-5.203060076323444605e+01,4.010546490859413638e+01,-1.316923749893264350e+01
-5.168939113036889665e+01,4.008825558009934298e+01,-1.315106606017545054e+01
-5.134799940599430101e+01,4.006844125474489715e+01,-1.313198826512639172e+01
-5.100645424181071519e+01,4.004602339052272697e+01,-1.311199099467088125e+01
-5.066478428951819524e+01,4.002100344542471788e+01,-1.309106112969432445e+01
-5.032301820081692512e+01,3.999338287744280507e+01,-1.306918555108215685e+01
-4.998118462740690404e+01,3.996316314456886687e+01,-1.304635113971977667e+01
-4.963931222098827334e+01,3.993034570479485268e+01,-1.302254477649261055e+01
-4.929742963326105354e+01,3.989493201611263373e+01,-1.299775334228606205e+01
-4.895556551592532202e+01,3.985692353651414521e+01,-1.297196371798555425e+01
-4.861374852068125563e+01,3.981632172399130098e+01,-1.294516278447650670e+01
-4.827200729922886779e+01,3.977312803653598650e+01,-1.291733742264432472e+01
-4.793037050326824300e+01,3.972734393214014403e+01,-1.288847451337443317e+01
-4.758886678449947283e+01,3.967897086879565194e+01,-1.285856093755223739e+01
-4.724752479462264176e+01,3.962801030449444539e+01,-1.282758357606316224e+01
-4.690637318533784850e+01,3.957446369722842405e+01,-1.279552930979262015e+01
-4.656544060834515619e+01,3.951833250498950179e+01,-1.276238501962602179e+01
-4.622475571534466354e+01,3.945961818576958535e+01,-1.272813758644879378e+01
-4.588434715803645503e+01,3.939832219756058862e+01,-1.269277389114634147e+01
-4.554424358812055829e+01,3.933444599835441835e+01,-1.265628081460408083e+01
-4.520447365729715017e+01,3.926799104614298841e+01,-1.261864523770743141e+01
-4.486506601726626542e+01,3.919895879891822688e+01,-1.257985404134181096e+01
-4.452604931972798141e+01,3.912735071467201209e+01,-1.253989410639263014e+01
-4.418745221638239684e+01,3.905316825139626502e+01,-1.249875231374530316e+01
-4.384930335892954645e+01,3.897641286708289954e+01,-1.245641554428524600e+01
-4.351163139906958577e+01,3.889708601972382240e+01,-1.241287067889787643e+01
-4.317446498850257086e+01,3.881518916731094748e+01,-1.236810459846861221e+01
-4.283783277892860042e+01,3.873072376783620285e+01,-1.232210418388286399e+01
-4.250176342204773050e+01,3.864369127929146686e+01,-1.227485631602605487e+01
-4.216628555669772282e+01,3.855409316907232409e+01,-1.222634789549718271e+01
-4.183142301359087156e+01,3.846193441980753391e+01,-1.217657319214405653e+01
-4.149718762944075934e+01,3.836722878296958328e+01,-1.212554485860388986e+01
-4.116358940172781189e+01,3.826999135469920788e+01,-1.207327836644338781e+01
-4.083063832793245496e+01,3.817023723113712208e+01,-1.201978918722924305e+01
-4.049834440553507875e+01,3.806798150842401185e+01,-1.196509279252815716e+01
-4.016671763201616585e+01,3.796323928270061998e+01,-1.190920465390683347e+01
-3.983576800485612068e+01,3.785602565010763954e+01,-1.185214024293197532e+01
-3.950550552153539030e+01,3.774635570678579910e+01,-1.179391503117028073e+01
-3.917594017953432939e+01,3.763424454887579174e+01,-1.173454449018843881e+01
-3.884708197633346316e+01,3.751970727251833893e+01,-1.167404409155316536e+01
-3.851894090941315341e+01,3.740275897385415504e+01,-1.161242930683115837e+01
-3.819152697625384718e+01,3.728341474902395447e+01,-1.154971560758911053e+01
-3.786485017433598443e+01,3.716168969416844448e+01,-1.148591846539372874e+01
-3.753892050113993406e+01,3.703759890542833233e+01,-1.142105335181170389e+01
-3.721374795414619996e+01,3.691115747894432531e+01,-1.135513573840974466e+01
-3.688934253083516523e+01,3.678238051085716620e+01,-1.128818109675455439e+01
-3.656571422868726273e+01,3.665128309730754097e+01,-1.122020489841282931e+01
-3.624287304518293240e+01,3.651788033443617820e+01,-1.115122261495126743e+01
-3.592082897780254314e+01,3.638218731838374254e+01,-1.108124971793656321e+01
-3.559959202402659884e+01,3.624421914529101230e+01,-1.101030167893543066e+01
-3.527917218133549682e+01,3.610399091129865212e+01,-1.093839396951456244e+01
-3.495957944720965571e+01,3.596151771254740481e+01,-1.086554206124066013e+01
-3.464082381912950126e+01,3.581681464517797053e+01,-1.079176142568042707e+01
-3.432291529457544499e+01,3.566989680533104234e+01,-1.071706753440054882e+01
-3.400586387102796238e+01,3.552077928914737015e+01,-1.064147585896774828e+01
-3.368967954596745784e+01,3.536947719276764701e+01,-1.056500187094871457e+01
-3.337437231687434291e+01,3.521600561233257309e+01,-1.048766104191014570e+01
-3.305995218122905754e+01,3.506037964398288409e+01,-1.040946884341874501e+01
-3.274642913651197773e+01,3.490261438385925175e+01,-1.033044074704120341e+01
-3.243381318020362869e+01,3.474272492810244017e+01,-1.025059222434423667e+01
-3.212211430978436510e+01,3.458072637285313533e+01,-1.016993874689454103e+01
-3.181134252273463758e+01,3.441663381425205159e+01,-1.008849578625881094e+01
-3.150150781653486831e+01,3.425046234843991044e+01,-1.000627881400375507e+01
-3.119262018866544750e+01,3.408222707155738362e+01,-9.923303301696053680e+00
-3.088468963660687905e+01,3.391194307974522815e+01,-9.839584720902433190e+00
-3.057772615783953185e+01,3.373962546914415839e+01,-9.755138543189579181e+00
-3.027173974984386362e+01,3.356528933589486741e+01,-9.669980240124200321e+00
-2.996674041010027167e+01,3.338894977613806248e+01,-9.584125283272985740e+00
-2.966273813608916399e+01,3.321062188601444376e+01,-9.497589144202631672e+00
-2.935974292529104090e+01,3.303032076166476827e+01,-9.410387294479866327e+00
-2.905776477518627843e+01,3.284806149922970775e+01,-9.322535205671364622e+00
-2.875681368325531295e+01,3.266385919485001921e+01,-9.234048349343837003e+00
-2.845689964697856311e+01,3.247772894466636018e+01,-9.144942197063977929e+00
-2.815803266383643333e+01,3.228968584481945925e+01,-9.055232220398485410e+00
-2.786022273130940974e+01,3.209974499145004501e+01,-8.964933890914069892e+00
-2.756347984687788966e+01,3.190792148069882472e+01,-8.874062680177429385e+00
-2.726781400802229882e+01,3.171423040870652343e+01,-8.782634059755260125e+00
-2.697323521222307008e+01,3.151868687161382354e+01,-8.690663501214267228e+00
-2.667975345696057587e+01,3.132130596556143232e+01,-8.598166476121132717e+00
-2.638737873971532366e+01,3.112210278669009256e+01,-8.505158456042584803e+00
-2.609612105796771075e+01,3.092109243114052219e+01,-8.411654912545309060e+00
-2.580599040919815224e+01,3.071828999505340008e+01,-8.317671317196007053e+00
-2.551699679088708095e+01,3.051371057456945479e+01,-8.223223141561376792e+00
-2.522915020051488710e+01,3.030736926582938295e+01,-8.128325857208116290e+00
-2.494246063556207105e+01,3.009928116497392381e+01,-8.032994935702935990e+00
-2.465693809350902299e+01,2.988946136814379173e+01,-7.937245848612534793e+00
-2.437259257183616157e+01,2.967792497147966913e+01,-7.841094067503604492e+00
-2.408943406802392317e+01,2.946468707112228813e+01,-7.744555063942851980e+00
-2.380747257955269802e+01,2.924976276321233115e+01,-7.647644309496964610e+00
-2.352671810390296869e+01,2.903316714389055520e+01,-7.550377275732663485e+00
-2.324718063855515027e+01,2.881491530929765332e+01,-7.452769434216639510e+00
-2.296887018098965427e+01,2.859502235557433991e+01,-7.354836256515592474e+00
-2.269179672868691000e+01,2.837350337886132579e+01,-7.256593214196223052e+00
-2.241597027912730056e+01,2.815037347529928269e+01,-7.158055778825216819e+00
-2.214140082979133695e+01,2.792564774102899250e+01,-7.059239421969298434e+00
-2.186809837815940583e+01,2.769934127219113407e+01,-6.960159615195162353e+00
-2.159607292171192938e+01,2.747146916492642177e+01,-6.860831830069500370e+00
-2.132533445792930138e+01,2.724204651537554156e+01,-6.761271538159006056e+00
-2.105589298429202216e+01,2.701108841967925400e+01,-6.661494211030401402e+00
-2.078775849828048194e+01,2.677860997397824860e+01,-6.561515320250376426e+00
-2.052094099737509936e+01,2.654462627441324329e+01,-6.461350337385630915e+00
-2.025545047905630724e+01,2.630915241712493469e+01,-6.361014734002864657e+00
-1.999129694080450648e+01,2.607220349825402295e+01,-6.260523981668765892e+00
-1.972849038010017253e+01,2.583379461394126864e+01,-6.159893551950060164e+00
-1.946704079442370627e+01,2.559394086032735416e+01,-6.059138916413432163e+00
-1.920695818125553700e+01,2.535265733355298323e+01,-5.958275546625583452e+00
-1.894825253807609045e+01,2.510995912975889865e+01,-5.857318914153217371e+00
-1.869093386236577103e+01,2.486586134508575796e+01,-5.756284490563023049e+00
-1.843501215160504714e+01,2.462037907567433592e+01,-5.655187747421718925e+00
-1.818049740327432673e+01,2.437352741766530428e+01,-5.554044156295995016e+00
-1.792739961485403910e+01,2.412532146719940229e+01,-5.452869188752554663e+00
-1.767572878382460999e+01,2.387577632041732656e+01,-5.351678316358098542e+00
-1.742549490766642251e+01,2.362490707345975594e+01,-5.250487010679308675e+00
-1.717670798385996989e+01,2.337272882246746164e+01,-5.149310743282915048e+00
-1.692937800988565300e+01,2.311925666358112608e+01,-5.048164985735601462e+00
-1.668351498322390825e+01,2.286450569294147428e+01,-4.947065209604074809e+00
-1.643912890135514360e+01,2.260849100668921352e+01,-4.846026886455030436e+00
-1.619622976175976703e+01,2.235122770096501554e+01,-4.745065487855157471e+00
-1.595482756191825402e+01,2.209273087190966933e+01,-4.644196485371181460e+00
-1.571493229931101254e+01,2.183301561566383953e+01,-4.543435350569790643e+00
-1.547655397141846478e+01,2.157209702836824405e+01,-4.442797555017681255e+00
-1.523970257572103293e+01,2.130999020616359374e+01,-4.342298570281558412e+00
-1.500438810969912318e+01,2.104671024519058875e+01,-4.241953867928108579e+00
-1.477062057083320923e+01,2.078227224158997188e+01,-4.141778919524054636e+00
-1.453840995660369906e+01,2.051669129150244331e+01,-4.041789196636086601e+00
-1.430776626449100952e+01,2.024998249106871384e+01,-3.942000170830905592e+00
-1.407869949197557702e+01,1.998216093642948721e+01,-3.842427313675210510e+00
-1.385121963653779353e+01,1.971324172372544936e+01,-3.743086096735689594e+00
-1.362533669565814520e+01,1.944323994909738929e+01,-3.643991991579068390e+00
-1.340106066681702224e+01,1.917217070868595385e+01,-3.545160469772029366e+00
-1.317840154749486281e+01,1.890004909863188942e+01,-3.446607002881282966e+00
-1.295736933517209089e+01,1.862689021507589260e+01,-3.348347062473522318e+00
-1.273797402732909667e+01,1.835270915415864579e+01,-3.250396120115438769e+00
-1.252022562144637163e+01,1.807752101202092376e+01,-3.152769647373752537e+00
-1.230413411500430421e+01,1.780134088480340537e+01,-3.055483115815155415e+00
-1.208970950548333434e+01,1.752418386864679789e+01,-2.958551997006346301e+00
-1.187696179036387356e+01,1.724606505969183345e+01,-2.861991762514027648e+00
-1.166590096712634228e+01,1.696699955407917315e+01,-2.765817883904886365e+00
-1.145653703325119999e+01,1.668700244794959531e+01,-2.670045832745644887e+00
-1.124887998621885288e+01,1.640608883744378943e+01,-2.574691080602991899e+00
-1.104293982350973202e+01,1.612427381870246279e+01,-2.479769099043631631e+00
-1.083872654260425783e+01,1.584157248786632266e+01,-2.385295359634259427e+00
-1.063625014098283472e+01,1.555799994107605144e+01,-2.291285333941566638e+00
-1.043552061612594173e+01,1.527357127447243101e+01,-2.197754493532277031e+00
-1.023654796551397617e+01,1.498830158419612957e+01,-2.104718309973076629e+00
-1.003934218662736733e+01,1.470220596638787747e+01,-2.012192254830669214e+00
-9.843913276946535618e+00,1.441529951718836955e+01,-1.920191799671751687e+00
-9.650271233951896122e+00,1.412759733273829355e+01,-1.828732416063016508e+00
-9.458426055123908327e+00,1.383911450917842068e+01,-1.737829575571183449e+00
-9.268387737942989091e+00,1.354986614264944578e+01,-1.647498749762943859e+00
-9.080166279889549941e+00,1.325986732929206724e+01,-1.557755410204996638e+00
-8.893771678444030826e+00,1.296913316524699766e+01,-1.468615028464042016e+00
-8.709213931086829064e+00,1.267767874665492123e+01,-1.380093076106768901e+00
-8.526503035298416577e+00,1.238551916965660915e+01,-1.292205024699899951e+00
-8.345648988559197790e+00,1.209266953039274739e+01,-1.204966345810126516e+00
-8.166661788349601991e+00,1.179914492500404677e+01,-1.118392511004145717e+00
-7.989551432150047816e+00,1.150496044963121456e+01,-1.032498991848658676e+00
-7.814327917440954785e+00,1.121013120041493849e+01,-9.473012599103579623e-01
-7.641001241702770841e+00,1.091467227349598801e+01,-8.628147867559607942e-01
-7.469581402415922611e+00,1.061859876501504729e+01,-7.790550439521600756e-01
-7.300078397060822510e+00,1.032192577111283072e+01,-6.960375030656524853e-01
-7.132502223117899831e+00,1.002466838793004023e+01,-6.137776356631393648e-01
-6.966862878067568765e+00,9.726841711607368879e+00,-5.322909133113151725e-01
-6.803170359390286137e+00,9.428460838285582568e+00,-4.515928075768975702e-01
-6.641434664566463475e+00,9.129540864105363696e+00,-3.716987900265731337e-01
-6.481665791076527405e+00,8.830096885207431967e+00,-2.926243322270478675e-01
-6.323873736400885903e+00,8.530143997732455574e+00,-2.143849057450097906e-01
-6.168068498019994905e+00,8.229697297821219948e+00,-1.369959821471768979e-01
-6.014260073414273045e+00,7.928771881614400385e+00,-6.047303300024253758e-02
-5.862458460064140731e+00,7.627382845252709487e+00,1.516847012909416925e-02
-5.712673655450025478e+00,7.325545284876866070e+00,8.991305567413299116e-02
-5.564915657052340592e+00,7.023274296627536550e+00,1.637452520681819124e-01
-5.419194462351541119e+00,6.720584976645509911e+00,2.366495877445244922e-01
-5.275520068828042142e+00,6.417492421071460562e+00,3.086105911364656063e-01
-5.133902473962263180e+00,6.114011726046099326e+00,3.796127906773107963e-01
-4.994351675234638854e+00,5.810157987710150351e+00,4.496407148003525034e-01
-4.856877670125570035e+00,5.505946302204272058e+00,5.186788919389062613e-01
-4.721490456115523315e+00,5.201391765669253431e+00,5.867118505262514105e-01
-4.588200030684903119e+00,4.896509474245775095e+00,6.537241189956963794e-01
-4.457016391314143178e+00,4.591314524074551429e+00,7.197002257805407144e-01
-4.327949535483661236e+00,4.285822011296289702e+00,7.846246993140844062e-01
-4.201009460673876816e+00,3.980047032051666989e+00,8.484820680296325524e-01
-4.076206164365243190e+00,3.674004682481466943e+00,9.112568603604753736e-01
-3.953549644038170108e+00,3.367710058726363087e+00,9.729336047399137488e-01
-3.833049897173086418e+00,3.061178256927074237e+00,1.033496829601252109e+00
-3.714716921250415638e+00,2.754424373224307665e+00,1.092931063377789780e+00
-3.598560713750576845e+00,2.447463503758745773e+00,1.151220834502826751e+00
-3.484591272154020203e+00,2.140310744671165999e+00,1.208350671409657462e+00
-3.372818593941153686e+00,1.832981192102238310e+00,1.264305102531587455e+00
-3.263252676592411916e+00,1.525489942192685966e+00,1.319068656301910503e+00
-3.155903517588214857e+00,1.217852091083218014e+00,1.372625861153931703e+00
-3.050781114408982475e+00,9.100827349145168554e-01,1.424961245520955488e+00
-2.947895464535161825e+00,6.021969698273537119e-01,1.476059337836267860e+00
-2.847256565447164434e+00,2.942098919624100972e-01,1.525904666533179244e+00
-2.748874414625421814e+00,-1.386340253959872371e-02,1.574481760044983858e+00
-2.652759009550361480e+00,-3.220078175379637031e-01,1.621775146804982137e+00
-2.558920347702399845e+00,-6.302082568920015504e-01,1.667769355246480734e+00
-2.467368426561975525e+00,-9.384496244609437099e-01,1.712448913802773642e+00
-2.378113243609516481e+00,-1.246716824104104226e+00,1.755798350907156191e+00
-2.291164796325440900e+00,-1.554994759680764282e+00,1.797802194992933700e+00
-2.206533082190177630e+00,-1.863268335050222824e+00,1.838444974493404160e+00
-2.124228098684142196e+00,-2.171522454071798336e+00,1.877711217841874003e+00
-2.044259843287783429e+00,-2.479742020604711605e+00,1.915585453471632782e+00
-1.966638313481515521e+00,-2.787911938508281118e+00,1.952052209815983819e+00
-1.891373506745765987e+00,-3.096017111641799602e+00,1.987096015308229546e+00
-1.818475420560962341e+00,-3.404042443864551792e+00,2.020701398381665292e+00
-1.747954052407521885e+00,-3.711972839035857952e+00,2.052852887469598819e+00
-1.679819399765888122e+00,-4.019793201014938866e+00,2.083535011005317905e+00
-1.614081460116476574e+00,-4.327488433661121014e+00,2.112732297422131644e+00
-1.550750230939720087e+00,-4.635043440833684691e+00,2.140429275153334032e+00
-1.489835709716037737e+00,-4.942443126391924402e+00,2.166610472632230611e+00
-1.431347893925853931e+00,-5.249672394195158631e+00,2.191260418292118040e+00
-1.375296781049605066e+00,-5.556716148102611719e+00,2.214363640566294311e+00
-1.321692368567712883e+00,-5.863559291973601262e+00,2.235904667888062303e+00
-1.270544653960605341e+00,-6.170186729667412884e+00,2.255868028690719562e+00
-1.221863634708708179e+00,-6.476583365043337537e+00,2.274238251407564970e+00
-1.175659308292443583e+00,-6.782734101960696371e+00,2.290999864471903180e+00
-1.131941672192240844e+00,-7.088623844278713726e+00,2.306137396317028632e+00
-1.090720723888532362e+00,-7.394237495856703646e+00,2.319635375376244202e+00
-1.052006460861739434e+00,-7.699559960553961524e+00,2.331478330082847439e+00
-1.015808880592287800e+00,-8.004576142229772984e+00,2.341650788870137667e+00
-9.821379805606005320e-01,-8.309270944743454734e+00,2.350137280171419540e+00
-9.510037582471140283e-01,-8.613629271954229338e+00,2.356922332419985722e+00
-9.224162111322486979e-01,-8.917636027721421499e+00,2.361990474049139532e+00
-8.963853366964302793e-01,-9.221276115904320392e+00,2.365326233492182073e+00
-8.729211324200845112e-01,-9.524534440362241838e+00,2.366914139182413113e+00
-8.520335957836451257e-01,-9.827395904954407513e+00,2.366738719553127979e+00
-8.337327242675316441e-01,-1.012984541354014567e+01,2.364784503037629548e+00
-8.180285153521698049e-01,-1.043186786997873838e+01,2.361036018069220255e+00
-8.049309665179897877e-01,-1.073344817812947127e+01,2.355477793081194982e+00
-7.944500752454199954e-01,-1.103457124185166904e+01,2.348094356506853497e+00
-7.865958390148781731e-01,-1.133522196500455692e+01,2.338870236779500900e+00
-7.813782553068024939e-01,-1.163538525144744540e+01,2.327789962332430740e+00
